{
    "AWSEBDockerrunVersion": "2",
    "containerDefinitions": [
      {
        "name": "main",
        "image": "public.ecr.aws/k5q5d1v1/nest-docker-aws-nest-docker-aws",
        "cpu": 256,
        "memory": 256,
        "portMappings": [
          {
            "name": "main-tcp-3001",
            "containerPort": 3001,
            "hostPort": 3001,
            "protocol": "tcp"
          }
        ],
        "essential": true,
        "environment": [
          {
            "name": "PORT_MAIN_SERVICE_API",
            "value": 3001
          }
        ],
        "mountPoints": [],
        "volumesFrom": [],
        "systemControls": []
      },
      {
        "name": "gateway",
        "image": "public.ecr.aws/k5q5d1v1/nest-docker-aws-gateway",
        "cpu": 256,
        "memory": 256,
        "portMappings": [
          {
            "name": "gateway-tcp-3000",
            "containerPort": 3000,
            "hostPort": 3000,
            "protocol": "tcp"
          }
        ],
        "essential": true,
        "environment": [
          {
            "name": "PORT_GATEWAY_API",
            "value": 3000
          }
        ],
        "mountPoints": [],
        "volumesFrom": [],
        "systemControls": []
      }
    ],
    "family": "awseb-Mosaic-env-mpqprg24m8",
    "revision": 28,
    "volumes": [],
    "status": "ACTIVE",
    "requiresAttributes": [
      {
        "name": "com.amazonaws.ecs.capability.docker-remote-api.1.17"
      }
    ],
    "placementConstraints": [],
    "compatibilities": ["EXTERNAL", "EC2"],
    "requiresCompatibilities": ["EC2"],
    "cpu": "1024",
    "memory": "1024"
  }
  