{
  "$schema": "https://json.schemastore.org/nest-cli",
  "collection": "@nestjs/schematics",
  "sourceRoot": "apps/nest-docker-aws/src",
  "compilerOptions": {
    "deleteOutDir": true,
    "webpack": true,
    "tsConfigPath": "apps/nest-docker-aws/tsconfig.app.json"
  },
  "monorepo": true,
  "root": "apps/nest-docker-aws",
  "projects": {
    "nest-docker-aws": {
      "type": "application",
      "root": "apps/nest-docker-aws",
      "entryFile": "main",
      "sourceRoot": "apps/nest-docker-aws/src",
      "compilerOptions": {
        "tsConfigPath": "apps/nest-docker-aws/tsconfig.app.json"
      }
    },
    "gateway": {
      "type": "application",
      "root": "apps/gateway",
      "entryFile": "main",
      "sourceRoot": "apps/gateway/src",
      "compilerOptions": {
        "tsConfigPath": "apps/gateway/tsconfig.app.json"
      }
    }
  }
}